MARCA,MODELO,Conductor,Pasajero,R,Acople_Rexion,Comentarios,Año_Modelo,Imagen_Rexion,Segmento
Alfa romeo,159,22”,18”,RX,510,,Desde 07 hasta 12,https://drive.google.com/file/d/1xXtM0PknmheWpy5-Gjs6KnidB5j8nbCj/view?usp=sharing,Otros
Alfa romeo,Brera,22”,18”,RX,510,,Desde 07 hasta 08,,Otros
Alfa romeo,Giulietta,24”,18”,RX,510,,Desde 12 hasta 14,,Otros
Alfa romeo,Mito,26”,16”,RX,510,,Desde 12 hasta 13,,Otros
Aro,Camioneta doble cabina,"16""","16""",G,Gancho universal,,Todos,,Otros
Aro,Camioneta maxi taxi 328,"16""","16""",G,Gancho universal,,Todos,,Otros
Aro,Campero 2p/3p/5p,"16""","16""",G,Gancho universal,,Todos,,Otros
Asia motor,Combi/topic,"16""","16""",G,Gancho universal,,Todos,,Otros
Asia motor,Rocsta/towner,"16""","16""",G,Gancho universal,,Todos,,Otros
Audi,A1,24”,"18""",RX,510,,Desde 11 hasta 14,,Más comerciales
Audi,A3,"26""","18""",RX,510,,Desde 08 hasta 14,,Más comerciales
Audi,A3,21”,19”,G,Gancho universal,,Desde 99 hasta 03,,Más comerciales
Audi,A3 cabriolet,22”,19”,RX,510,,Desde 08 hasta 10,,Más comerciales
Audi,A4,24”,20”,G,Gancho universal,,Desde 02 hasta 14,,Más comerciales
Audi,A4,21”,19”,G,Gancho universal,,Desde 98 hasta 00,,Más comerciales
Audi,A4 cabriolet,22”,22”,G,Gancho universal,,Desde 02 hasta 05,,Más comerciales
Audi,A5,24”,20”,RX,630,,Desde 08 hasta 14,,Más comerciales
Audi,A6,22”,22”,RX,630,,Desde 11 hasta 14,,Más comerciales
Audi,A6,22”,22”,RX,630,,Año 16,,Más comerciales
Audi,A6,21”,19”,G,Gancho universal,,Desde 99 hasta 10,,Más comerciales
Audi,A7,24”,"20""",RX,510,,Desde 12 hasta 14,,Más comerciales
Audi,A8,26”,21”,RX,510,,Desde 09 hasta 14,,Más comerciales
Audi,A8,22”,21”,G,Gancho universal,,Desde 04 hasta 08,,Más comerciales
Audi,Q2,24”,19”,RX,630,,Desde 18 hasta 19,,Más comerciales
Audi,Q3,24”,"19""",RX,630,,Año 12,,Más comerciales
Audi,Q5,24”,19,RX,630,,Desde 10 hasta 14,,Más comerciales
Audi,Q7,26”,"20""",RX,510,,Desde 07 hasta 14,,Más comerciales
Audi,Q8,"26""","26""",RX,510,,Desde el año 15 en adelante,,Más comerciales
Audi,R8,24”,21”,RX,510,,Desde 08 hasta 14,,Más comerciales
Audi,Rs3,24”,"18""",RX,510,,Año 18,,Más comerciales
Audi,S3,24”,19”,RX,510,,Desde 04 hasta 14,,Más comerciales
Audi,S4,24”,20”,RX,510,,Desde 09 hasta 14,,Más comerciales
Audi,S4,22”,22”,RX,510,,Desde 07 hasta 08,,Más comerciales
Audi,S5,24”,20”,RX,510,,Desde 08 hasta 14,,Más comerciales
Audi,S6,21”,19”,G,Gancho universal,,Desde 99 hasta 06,,Más comerciales
Audi,S8,26”,21”,RX,510,,Desde 09 hasta 14,,Más comerciales
Audi,Tt 2000,22”,21”,RX,510,,Desde 07 hasta 14,,Más comerciales
Audi,Tt roadster,24”,20”,RX,510,,Desde 06 hasta 18,,Más comerciales
Audi,Tt,21”,21”,G,Gancho universal,,Desde 00 hasta 03,,Más comerciales
Audi,Tt coupé,21”,21”,G,Gancho universal,,Desde 00 hasta 06,,Más comerciales
Audi,Tt quattro,21”,21”,RX,510,,Desde 11 hasta 14,,Más comerciales
Bmw,Serie 1,20”,20”,RX,510,,Desde 05 hasta 14,,Más comerciales
Bmw,Serie 3 318 i,24”,18”,RX,510,,Desde 05 hasta 14,,Más comerciales
Bmw,Serie 3,22”,20”,G,Gancho universal,,Desde 95 hasta 04,,Más comerciales
Bmw,Serie 3 325i,24”,19”,RX,635,,Desde 07 hasta 12,,Más comerciales
Bmw,Serie 3 325i,21”,19”,G,Gancho universal,,Desde 05 hasta 06,,Más comerciales
Bmw,Serie 3 325i,22”,20”,G,Gancho universal,,Desde 95 hasta 04,,Más comerciales
Bmw,Serie 3 320i,24”,19”,RX,540,,Desde 12 hasta 14,,Más comerciales
Bmw,Serie 3 335i,24”,19”,RX,510,,Desde 07 hasta 14,,Más comerciales
Bmw,Serie 3 335i xdrive,26”,18”,RX,635,,Año 2011,,Más comerciales
Bmw,Serie 3 cabriolet,24”,16”,RX,510,,Desde 10 hasta 12,,Más comerciales
Bmw,Serie 3 cabriolet,24”,18”,RX,635,,Desde 06 hasta 09,,Más comerciales
Bmw,Serie 3 cabriolet,22”,20”,G,Gancho universal,,Desde 00 hasta 05,,Más comerciales
Bmw,Serie 3 compact,22”,20”,G,Gancho universal,,Desde 02 hasta 04,,Más comerciales
Bmw,Serie 3 compact,20”,20”,G,Gancho universal,,Desde 94 hasta 01,,Más comerciales
Bmw,Serie 3 coupé,24”,16”,RX,510,,Desde 10 hasta 14,,Más comerciales
Bmw,Serie 3 coupé,24”,18”,G,Gancho universal,,Desde 06 hasta 09,,Más comerciales
Bmw,Serie 3 coupé,22”,20”,RX,635,,Desde 99 hasta 05,,Más comerciales
Bmw,Serie 3 touring,24”,19”,RX,635,,Desde 06 hasta 12,,Más comerciales
Bmw,Serie 3 touring,22”,20”,G,Gancho universal,,Desde 99 hasta 05,,Más comerciales
Bmw,Serie 4 428i,24”,19”,RX,510,,Año 2014,,Más comerciales
Bmw,Serie 4 435i,24”,19”,RX,510,,Año 2014,,Más comerciales
Bmw,Serie 5,24”,22”,G,Gancho universal,,Desde 03 hasta 10,,Más comerciales
Bmw,Serie 5 525i,24”,22”,RX,510,,Desde 05 hasta 10,,Más comerciales
Bmw,Serie 5 528i,26”,18”,RX,510,,Desde 11 hasta 14,,Más comerciales
Bmw,Serie 5 530i,24”,22”,G,Gancho universal,,Desde 03 hasta 10,,Más comerciales
Bmw,Serie 5 545i,24”,22”,RX,510,,Desde 04 hasta 06,,Más comerciales
Bmw,Serie 5 550i,24”,22”,RX,635,,Desde 06 hasta 14,,Más comerciales
Bmw,Serie 5 gran turismo,26”,18”,RX,510,,Desde 09 hasta 12,,Más comerciales
Bmw,Serie 5 touring,26”,18”,RX,510,,Desde 11 hasta 14,,Más comerciales
Bmw,Serie 5 touring,24”,22”,RX,510,,Desde 05 hasta 10,,Más comerciales
Bmw,Serie 5 touring,26”,22”,RX,635,,Desde 97 hasta 04,,Más comerciales
Bmw,Serie 6 645 ci,24”,22”,RX,510,,Año 2005,,Más comerciales
Bmw,Serie 6 650i,24”,22”,RX,510,,Desde 11 hasta 14,,Más comerciales
Bmw,Serie 6 cabriolet,24”,22”,G,Gancho universal,,Desde 05 hasta 14,,Más comerciales
Bmw,Serie 7,26”,18”,RX,550,,Año 14,,Más comerciales
Bmw,Serie 7,26”,18”,RX,510,,Desde 09 hasta 14,,Más comerciales
Bmw,Serie 7,24”,24”,G,Gancho universal,,Desde 94 hasta 08,,Más comerciales
Bmw,Serie 7 740i,26”,18”,RX,510,,Desde 10 hasta 14,,Más comerciales
Bmw,Serie 7 745i,24”,24”,G,Gancho universal,,Desde 03 hasta 05,,Más comerciales
Bmw,Serie 7 745l,24”,24”,RX,635,,Desde 03 hasta 05,,Más comerciales
Bmw,Serie 7 750l,24”,24”,G,Gancho universal,,Desde 06 hasta 14,,Más comerciales
Bmw,X1,24”,19”,RX,510,,Desde 10 hasta 14,,Más comerciales
Bmw,X3,26”,19”,RX,635,,Desde 11 hasta 14,,Más comerciales
Bmw,X3,22”,20”,G,Gancho universal,,Desde 04 hasta 10,,Más comerciales
Bmw,X5,24”,20”,RX,635,,Desde 07 hasta 14,,Más comerciales
Bmw,X5,24”,22”,G,Gancho universal,,Desde 00 hasta 06,,Más comerciales
Bmw,X6,24”,20”,RX,636,,Desde 09 hasta 14,,Más comerciales
Bmw,Z3,20”,20”,G,Gancho universal,,Desde 96 hasta 03,,Más comerciales
Bmw,Z4,22”,20”,RX,635,,Desde 10 hasta 14,,Más comerciales
Bmw,Z4,21”,20”,RX,635,,Desde 03 hasta 09,,Más comerciales
Byd,F-zero,"24""",,,Gancho universal,,Desde el año 11 en adelante,,Otros
Byd,Flyer,"20""","20""",,Gancho universal,,Desde el año 08 en adelante,,Otros
Chery,Nice,"20""","16""",,Gancho universal,,Desde el año 11 en adelante,,Otros
Chery,Qq6/308/311,"20""","16""",,Gancho universal,,Desde el año 09 en adelante,,Otros
Chery,Van pass,"22""","16""",,Gancho universal,,Desde el año 11 en adelante,,Otros
Chery,Tiggo 4 * 4,"24""","18""",,Gancho universal,,Desde el año 07 en adelante,,Otros
Chevrolet,Astra,22”,18”,,Gancho universal,,Desde el año 07 en adelante,,Más comerciales
Chevrolet,Astra,22”,18”,,Gancho universal,,Desde 00 hasta 06,,Más comerciales
Chevrolet,Astra 5 puertas,22”,18”,,Gancho universal,,Desde 00 hasta 07,,Más comerciales
Chevrolet,Alto,"18""","18""",,Gancho universal,,Desde el año 00 en adelante,,Más comerciales
Chevrolet,Aveo,22”,18”,,Gancho universal,,Desde 08 hasta 15,,Más comerciales
Chevrolet,Aveo 5 puertas,22”,18”,,Gancho universal,,Desde 08 hasta 11,,Más comerciales
Chevrolet,Blazer,"18""","18""",,Gancho universal,,Desde 94 hasta 95,,Más comerciales
Chevrolet,Blazer,20”,20”,,Gancho universal,,Desde el año 96 en adelante,,Más comerciales
Chevrolet,Brigadier,"16""","16""",,Gancho universal,,Desde el año 10 en adelante,,Más comerciales
Chevrolet,"C10,c30","16""","16""",,Gancho universal,,Desde 82 hasta 97,,Más comerciales
Chevrolet,C70,"16""","16""",,Gancho universal,,Todos,,Más comerciales
Chevrolet,Cavalier,"18""","18""",,Gancho universal,,Desde el año 92 en adelante,,Más comerciales
Chevrolet,Camaro,24”,20”,,Gancho universal,,Desde 10 hasta 14,,Más comerciales
Chevrolet,Captiva,24”,16”,,Gancho universal,,Desde 06 hasta 14,,Más comerciales
Chevrolet,Captiva,24,16,RX,590,,Desde el año 15 en adelante,,Más comerciales
Chevrolet,Chevette,"16""","16""",,Gancho universal,,Desde el año 94 en adelante,,Más comerciales
Chevrolet,Cheyenne,"18""","18""",,Gancho universal,,Desde el año 05 en adelante,,Más comerciales
Chevrolet,Chevy,18”,18”,,Gancho universal,,Desde 04 hasta 13,,Más comerciales
Chevrolet,Corsa,18”,18”,,Gancho universal,,Desde 01 hasta 05,,Más comerciales
Chevrolet,Corsa evolution,20”,18”,,Gancho universal,,Desde el año 06 en adelante,,Más comerciales
Chevrolet,Cobalt,"22""",18”,,Gancho universal,,"12""",,Más comerciales
Chevrolet,Cruze,24”,18”,,Gancho universal,,Desde 10 hasta 14,,Más comerciales
Chevrolet,Cruze,28,24,RX,590,,Desde el año 14 en adelante,,Más comerciales
Chevrolet,Dimax,"22""","18""",,Gancho universal,,Desde el año 05 en adelante,,Más comerciales
Chevrolet,Epica,"22""","20""",,Gancho universal,,Todos,,Más comerciales
Chevrolet,Esteem/ esteen sw,"20""","18""",,Gancho universal,,Desde el año 94 en adelante,,Más comerciales
Chevrolet,Grand blazer,"18""","18""",,Gancho universal,,Desde el año 00 en adelante,,Más comerciales
Chevrolet,Grand vitara,"20""","20""",,Gancho universal,,Desde el año 04 en adelante,,Más comerciales
Chevrolet,Grand vitara xl7,"20""","20""",,Gancho universal,,Desde el año 98 en adelante,,Más comerciales
Chevrolet,Hhr,"27""","21""",,Gancho universal,,Desde 05 hasta 10,,Más comerciales
Chevrolet,J900,"16""","16""",,Gancho universal,,Desde el año 10 en adelante,,Más comerciales
Chevrolet,Jimmy,"16""","16""",,Gancho universal,,Desde el año 98 en adelante,,Más comerciales
Chevrolet,Kodiak,"18""","18""",,Gancho universal,,Desde 82 hasta 89,,Más comerciales
Chevrolet,Lumina,24”,24”,,Gancho universal,,Desde 95 hasta 01,,Más comerciales
Chevrolet,"Luv 1,6",18”,18”,,Gancho universal,,Desde el año 90 en adelante,,Más comerciales
Chevrolet,"Luv 2,0","20""","20""",,Gancho universal,,Desde el año 87 en adelante,,Más comerciales
Chevrolet,Monza,18”,18”,,Gancho universal,,Desde 85 hasta 92,,Más comerciales
Chevrolet,Montana,"26""","14""",RX,590,,Desde el año 2022 en adelante,,Más comerciales
Chevrolet,Malibu,22”,20”,,Gancho universal,,Desde 92 hasta 11,,Más comerciales
Chevrolet,"Npr,nkr,nhr","20""","20""",,Gancho universal,,Desde el año 05 en adelante,,Más comerciales
Chevrolet,Npr turbo,"20""","20""",,Gancho universal,,Desde 94 hasta 04,,Más comerciales
Chevrolet,New blazer,"16""","16""",,Gancho universal,,Desde 02 hasta 08,,Más comerciales
Chevrolet,Optra,22”,18”,,Gancho universal,,Desde 03 hasta 09,,Más comerciales
Chevrolet,Orlando,"26""",18”,,Gancho universal,,Año 10,,Más comerciales
Chevrolet,Onix,"24""","14""",RX,631,,Desde el año 17 en adelante,,Más comerciales
Chevrolet,Onix turbo,"24""","14""",RX,590,,Desde el año 17 en adelante,,Más comerciales
Chevrolet,Joy,"24""","14""",RX,590,,Desde el año 20 en adelante,,Más comerciales
Chevrolet,Rodeo,"18""","18""",,Gancho universal,,Desde el año 97 en adelante,,Más comerciales
Chevrolet,Samurai,"14""","14""",,Gancho universal,,Desde el año 91 en adelante,,Más comerciales
Chevrolet,Sprint,"18""","18""",,Gancho universal,,Desde 85 hasta 97,,Más comerciales
Chevrolet,Sprint,"16""","16""",,Gancho universal,,Desde el año 98 en adelante,,Más comerciales
Chevrolet,Sail,"18""","16""",,Gancho universal,,Desde el año 12 en adelante,,Más comerciales
Chevrolet,Swift,"20""","14""",,Gancho universal,,Desde el año 91 en adelante,,Más comerciales
Chevrolet,Silverado 2500,22”,22”,RX,510,,Desde 03 hasta 14,,Más comerciales
Chevrolet,Silverado 3500,22”,22”,RX,510,,Desde 03 hasta 14,,Más comerciales
Chevrolet,Superbrigadier,"20""","20""",,Gancho universal,,Desde el año 96 en adelante,,Más comerciales
Chevrolet,Supercarry,"16""","16""",,Gancho universal,,Desde el año 94 en adelante,,Más comerciales
Chevrolet,Sonic,26”,"15""",RX,510,,Desde 12 hasta 14,,Más comerciales
Chevrolet,Spark /go,22”,14”,,Gancho universal,,Desde 10 hasta 13,,Más comerciales
Chevrolet,Spark gt,22”,16”,,Gancho universal,,Desde 10 hasta 15,,Más comerciales
Chevrolet,Tahoe,"12""","12""",,Gancho universal,,Desde 01 hasta 14,,Más comerciales
Chevrolet,Tracker,"26""","14""",RX,590,,Todas,,Más comerciales
Chevrolet,Trailblazer,22”,18,RX,631,,Todos,,Más comerciales
Chevrolet,Trailblazer,"22""",18,RX,590,,Mod nuevo,,Más comerciales
Chevrolet,Traverse,26”,20”,RX,510,,Desde 12 hasta 14,,Más comerciales
Chevrolet,Traverse,24”,20”,RX,510,,Desde 09 hasta 11,,Más comerciales
Chevrolet,Trooper,"18""","18""",,Gancho universal,,Desde 88 hasta 95,,Más comerciales
Chevrolet,Vitara,"18""","18""",,Gancho universal,,Desde el año 92 en adelante,,Más comerciales
Chevrolet,Vivant,"24""","18""",,Gancho universal,,Desde 06 hasta 09,,Más comerciales
Chevrolet,Van n200,"16""","16""",,Gancho universal,,Desde el año 11 en adelante,,Más comerciales
Chevrolet,Wagon r,"20""","18""",,Gancho universal,,Desde el año 96 en adelante,,Más comerciales
Chevrolet,Zafira,24”,"24""",,Gancho universal,,Desde 01 hasta 08,,Más comerciales
Chrysler,Cavaran,"26""","26""",,Gancho universal,,Desde el año 07 en adelante,,Otros
Chrysler,Neon,"20""","18""",,Gancho universal,,Desde 96 hasta 00,,Otros
Chrysler,Pacifica,"22""","22""",,Gancho universal,,Desde el año 06 en adelante,,Otros
Chrysler,Pt - cruiser limited 2.0,"22""","20""",,Gancho universal,,Desde el año 03 en adelante,,Otros
Chrysler,Town & country,"26""","20""",,Gancho universal,,Desde el año 06 en adelante,,Otros
Citroen,Ax/ax gti,"22""","22""",,Gancho universal,,Desde el año 86 en adelante,,Otros
Citroen,Berlingo,"22""","22""",,Gancho universal,,Desde el año 00 en adelante,,Otros
Citroen,Bx,"20""","20""",,Gancho universal,,Desde el año 81 en adelante,,Otros
Citroen,C-elysee,"21""","19""",,Gancho universal,,Desde el año 12 en adelante,,Otros
Citroen,C15e/c15d,"18""","18""",,Gancho universal,,Desde el año 95 en adelante,,Otros
Citroen,C2,"24""","18""",,Gancho universal,,Desde el año 03 en adelante,,Otros
Citroen,C3,"24""","18""",,Gancho universal,,Desde el año 03 en adelante,,Otros
Citroen,C4,"22""","16""",,Gancho universal,,Desde el año 03 en adelante,,Otros
Citroen,C4 picasso,"32""","29""",,Gancho universal,,Desde el año 04 en adelante,,Otros
Citroen,C4,"30""","26""",RX,510,,Desde el año 15 en adelante,,Otros
Citroen,C5,"24""","20""",,Gancho universal,,Desde el año 03 en adelante,,Otros
Citroen,Ds3,"24""","16""",,Gancho universal,,Desde el año 11 en adelante,,Otros
Citroen,"Jumper 2,8","22""","22""",,Gancho universal,,Desde el año 94 en adelante,,Otros
Citroen,Saxo,"20""","18""",,Gancho universal,,Desde 02 hasta 96,,Otros
Citroen,Xantia,"24""","20""",,Gancho universal,,Desde el año 94 en adelante,,Otros
Citroen,Xm,"22""","22""",,Gancho universal,,Desde 05 hasta 89,,Otros
Citroen,Xsara copupe/break/sx,"22""","20""",,Gancho universal,,Desde el año 98 en adelante,,Otros
Citroen,Xsara picasso,"26""","26""",,Gancho universal,,Desde el año 02 en adelante,,Otros
Citroen,Zx,"22""","22""",,Gancho universal,,Desde 03 hasta 91,,Otros
Citroen,Zx estate / kombi / break,"22""","22""",,Gancho universal,,Desde 03 hasta 91,,Otros
Daewoo,Cielo,"18""","18""",,Gancho universal,,Desde el año 95 en adelante,,Otros
Daewoo,Espero,"20""","20""",,Gancho universal,,Desde 93 hasta 99,,Otros
Daewoo,Lanos/sedan/coupe,"19""","19""",,Gancho universal,,Desde el año 98 en adelante,,Otros
Daewoo,Leganza,"22""","20""",,Gancho universal,,Desde el año 98 en adelante,,Otros
Daewoo,Matiz,"20""","16""",,Gancho universal,,Desde el año 95 en adelante,,Otros
Daewoo,Nubira,"21""","19""",,Gancho universal,,Desde el año 98 en adelante,,Otros
Daewoo,Racer,"18""","18""",,Gancho universal,,Desde 93 hasta 96,,Otros
Daewoo,Tacuma,"24""","18""",,Gancho universal,,Desde el año 00 en adelante,,Otros
Daewoo,Tico,"16""","16""",,Gancho universal,,Desde el año 97 en adelante,,Otros
Dahiatsu,Campero tradicional,"13""","13""",,Gancho universal,,Desde el año 80 en adelante,,Otros
Dahiatsu,Charade,"18""","18""",,Gancho universal,,Desde el año 92 en adelante,,Otros
Dahiatsu,Delta,"18""","18""",,Gancho universal,,Desde el año 91 en adelante,,Otros
Dahiatsu,Delta v 126,"17""","17""",,Gancho universal,,Todos,,Otros
Dahiatsu,Delta v 128,"18""","18""",,Gancho universal,,Todos,,Otros
Dahiatsu,Feroza,"17""","17""",,Gancho universal,,Desde el año 92 en adelante,,Otros
Dahiatsu,Rocky,"17""","17""",,Gancho universal,,Desde el año 93 en adelante,,Otros
Dahiatsu,Sirion,"20""","18""",,Gancho universal,,Desde 00 hasta 05,,Otros
Dahiatsu,Sirion,"20""","16""",,Gancho universal,,Desde el año 06 en adelante,,Otros
Dahiatsu,Terlos,"18""","18""",,Gancho universal,,Desde 98 hasta 05,,Otros
Dahiatsu,Terios,"20""","18""",,Gancho universal,,Desde el año 06 en adelante,,Otros
Dodge,Challenger,"22""","18""",,Gancho universal,,Desde el año 09 en adelante,,Otros
Dodge,Charger,"24""","20""",,Gancho universal,,Todos,,Otros
Dodge,Coroner,"16""","16""",,Gancho universal,,Todos,,Otros
Dodge,"Dart, 100,300,600,1500","16""","16""",,Gancho universal,,Desde el año 80 en adelante,,Otros
Dodge,Dart,"26""","18""",,Gancho universal,,Desde el año 12 en adelante,,Otros
Dodge,Durango,"20""","20""",,Gancho universal,,Desde el año 98 en adelante,,Otros
Dodge,Journey,"24""","18""",,Gancho universal,,Desde el año 07 en adelante,,Otros
Dodge,Ram,"18""","18""",,Gancho universal,,Año 97,,Otros
Dodge,Ram,"20""","20""",,Gancho universal,,Año 98,,Otros
Dodge,Viper,"16""","16""",,Gancho universal,,Desde el año 93 en adelante,,Otros
Fiat,"125,polsky,zastava","12""","12""",,Gancho universal,,Desde el año 78 en adelante,,Otros
Fiat,147,"20""","20""",,Gancho universal,,Desde 79 hasta 84,,Otros
Fiat,500,24”,14”,RX,590,,Desde 09 hasta 14,,Otros
Fiat,Albea,21”,19”,,Gancho universal,,Desde 09 hasta 10,,Otros
Fiat,Bravo,24”,18”,,,,Año 2009,,Otros
Fiat,Grande punto,26”,16”,RX,510,,Desde 07 hasta 13,,Otros
Fiat,Idea,22”,16”,,Gancho universal,,Desde 08 hasta 09,,Otros
Fiat,Mirafiori,"18""","18""",,Gancho universal,,Desde 80 hasta 83,,Otros
Fiat,Linea,26”,16”,RX,510,,Año 2015,,Otros
Fiat,Linea,22”,18”,,Gancho universal,,Año 2011,,Otros
Fiat,Palio,"24""",18”,,Gancho universal,,Desde el año 97 en adelante,,Otros
Fiat,Panda,22”,16”,,Gancho universal,,Desde 09 hasta 12,,Otros
Fiat,Panda,21”,19”,,Gancho universal,,Desde 07 hasta 08,,Otros
Fiat,Premio,"18""","18""",,Gancho universal,,Desde 93 hasta 96,,Otros
Fiat,Siena,"24""","18""",,Gancho universal,,Desde el año 02 en adelante,,Otros
Fiat,Stilo,21”,19”,RX,510,,Año 2007,,Otros
Fiat,Strada,"22""","18""",,Gancho universal,,Desde el año 05 en adelante,,Otros
Fiat,Tempra,"18""","18""",,Gancho universal,,Desde el año 96 en adelante,,Otros
Fiat,Tipo,"20""","20""",,Gancho universal,,Desde el año 96 en adelante,,Otros
Fiat,Uno,"20""","20""",,Gancho universal,,Desde 93 hasta 96,,Otros
Fiat,Uno,"24""","16""",RX,510,,20>>>,,Otros
Fiat,Uno atractive,"24""","16""",,Gancho universal,,Todos,,Otros
Ford,Aerostar,22”,22”,,Gancho universal,,Desde 85 hasta 97,,Más comerciales
Ford,Bronco,"18""","18""",,Gancho universal,,Desde el año 86 en adelante,,Más comerciales
Ford,Club wagon,22”,22”,,Gancho universal,,Desde 96 hasta 06,,Más comerciales
Ford,Contour,22”,20”,,Gancho universal,,Desde 93 hasta 00,,Más comerciales
Ford,Courier,19”,19”,RX,510,,Desde 98 hasta 08,,Más comerciales
Ford,Crown victoria,22”,22”,RX,510,,Desde 91 hasta 08,,Más comerciales
Ford,C-max,28”,26”,,Gancho universal,,Año 2013,,Más comerciales
Ford,E-150,20”,20”,,Gancho universal,,Desde 10 hasta 14,,Más comerciales
Ford,E-350,20”,20”,,Gancho universal,,Desde 10 hasta 14,,Más comerciales
Ford,Econoline,20”,20”,,Gancho universal,,Desde 94 hasta 05,,Más comerciales
Ford,Ecosport,22”,18”,,Gancho universal,,Desde 08 hasta 14,,Más comerciales
Ford,Ecosport,24”,18”,,Gancho universal,,Desde 04 hasta 07,,Más comerciales
Ford,Ecosport,"22""","16""",RX,631,,Desde 14 hasta 17,,Más comerciales
Ford,Ecosport,22,16,,Gancho universal,,Desde el año 18 en adelante,,Más comerciales
Ford,Edge,26”,20”,,Gancho universal,,Desde 07 hasta 14,,Más comerciales
Ford,Escape,28”,28”,RX,510,,Desde el año 14 en adelante,,Más comerciales
Ford,Escape,20”,20”,RX,510,,Desde 12 hasta 13,,Más comerciales
Ford,Escape,19”,19”,,Gancho universal,,Desde 03 hasta 07,,Más comerciales
Ford,Escort,20”,20”,,Gancho universal,,Desde 91 hasta 03,,Más comerciales
Ford,Excursion,20”,20”,,Gancho universal,,Desde 03 hasta 05,,Más comerciales
Ford,Expedition,22”,22”,,Gancho universal,,Desde 08 hasta 14,,Más comerciales
Ford,Expedition,21”,19”,,Gancho universal,,Desde 03 hasta 07,,Más comerciales
Ford,Expedition,18”,18”,,Gancho universal,,Desde 01 hasta 02,,Más comerciales
Ford,Expedition,22”,22”,,Gancho universal,,Desde 96 hasta 00,,Más comerciales
Ford,Explorer,"26""","22""",RX,510,,15>>>,,Más comerciales
Ford,Explorer,26”,22”,,Gancho universal,,Desde 10 hasta 14,,Más comerciales
Ford,Explorer,20”,20”,,Gancho universal,,Desde 96 hasta 09,,Más comerciales
Ford,Explorer sport trac,20”,20”,,Gancho universal,,Desde 06 hasta 10,,Más comerciales
Ford,F-100,15”,15”,,Gancho universal,,Desde 74 hasta 79,,Más comerciales
Ford,F-150,22”,22”,,Gancho universal,,Desde 10 hasta 14,,Más comerciales
Ford,F-150,20”,20”,,Gancho universal,,Desde 07 hasta 09,,Más comerciales
Ford,F-150,18”,18”,,Gancho universal,,Desde 81 hasta 06,,Más comerciales
Ford,F-250,20”,20”,,Gancho universal,,Desde 07 hasta 14,,Más comerciales
Ford,F-250,18”,18”,,Gancho universal,,Desde 91 hasta 06,,Más comerciales
Ford,F-350,22”,22”,,Gancho universal,,Desde 11 hasta 14,,Más comerciales
Ford,F-350,20”,20”,,Gancho universal,,Desde 06 hasta 10,,Más comerciales
Ford,F-350,18”,18”,,Gancho universal,,Desde 88 hasta 05,,Más comerciales
Ford,F-450,22”,22”,,Gancho universal,,Desde 11 hasta 14,,Más comerciales
Ford,F-450,20”,20”,,Gancho universal,,Desde 07 hasta 10,,Más comerciales
Ford,F-550,22”,22”,,Gancho universal,,Desde 08 hasta 14,,Más comerciales
Ford,Fiesta,18”,18”,,Gancho universal,,Desde 97 hasta 99,,Más comerciales
Ford,Fiesta,"20""",18”,,Gancho universal,,Año 00,,Más comerciales
Ford,Fiesta,"22""","18""",,Gancho universal,,Desde 01 hasta 06,,Más comerciales
Ford,Fiesta,"25""","16""",RX,590,,Desde el año 11 en adelante,,Más comerciales
Ford,Five hundred,24”,20”,,Gancho universal,,Desde 05 hasta 07,,Más comerciales
Ford,Flex,24”,21”,,Gancho universal,,Desde 09 hasta 14,,Más comerciales
Ford,Focus,22”,18”,,Gancho universal,,Desde 00 hasta 11,,Más comerciales
Ford,Focus titanium,28”,28”,RX,510,,Desde 11 hasta 13,,Más comerciales
Ford,Focus hatchback,28”,28”,RX,510,,Desde 11 hasta 14,,Más comerciales
Ford,Focus st sport,26”,16”,RX,635,,Desde 07 hasta 14,,Más comerciales
Ford,Focus wagon,22”,19”,,Gancho universal,,Desde 00 hasta 07,,Más comerciales
Ford,Focus zx3,22”,19”,,Gancho universal,,Desde 00 hasta 07,,Más comerciales
Ford,Freestar,24”,20”,,Gancho universal,,Desde 04 hasta 07,,Más comerciales
Ford,Fusion,26”,26”,RX,510,,Desde 13 hasta 18,,Más comerciales
Ford,Fusion,24”,19”,,Gancho universal,,Desde 06 hasta 12,,Más comerciales
Ford,Grand marquis,22”,22”,,Gancho universal,,Desde 92 hasta 04,,Más comerciales
Ford,Ka,19”,16”,,Gancho universal,,Desde 01 hasta 07,,Más comerciales
Ford,Lobo,22”,22”,,Gancho universal,,Desde 07 hasta 14,,Más comerciales
Ford,Lobo,20”,20”,,Gancho universal,,Desde 97 hasta 06,,Más comerciales
Ford,Lobo raptor,22”,22”,,Gancho universal,,Desde 12 hasta 14,,Más comerciales
Ford,Mondeo,21”,19”,,Gancho universal,,Desde 01 hasta 07,,Más comerciales
Ford,Mustang,22”,20”,RX,510,,Desde 08 hasta 14,,Más comerciales
Ford,Mustang,20”,20”,,Gancho universal,,Desde 94 hasta 07,,Más comerciales
Ford,Mustang,16”,16”,,Gancho universal,,Desde 79 hasta 93,,Más comerciales
Ford,Ranger,18”,18”,,Gancho universal,,Desde 91 hasta 12,,Más comerciales
Ford,Ranger,24,16,RX,590,,Desde el año 18 en adelante,,Más comerciales
Ford,Raptor,"22""","22""",,Gancho universal,,Desde el año 10 en adelante,,Más comerciales
Ford,Thunderbird,24”,22”,,Gancho universal,,Desde 02 hasta 05,,Más comerciales
Ford,Thunderbird,22”,22”,,Gancho universal,,Desde 95 hasta 01,,Más comerciales
Ford,Thunderbird,18”,18”,,Gancho universal,,Desde 84 hasta 94,,Más comerciales
Ford,Topaz,20”,20”,,Gancho universal,,Desde 83 hasta 94,,Más comerciales
Ford,Transit,28”,28”,RX,510,,Desde 10 hasta 14,,Más comerciales
Ford,Transit,26”,24”,,Gancho universal,,Desde 08 hasta 09,,Más comerciales
Ford,Windstar,24”,20”,,Gancho universal,,Desde 94 hasta 03,,Más comerciales
Honda,Accord,26”,19”,,Gancho universal,,Desde 03 hasta 14,,Más comerciales
Honda,Accord,22”,20”,,Gancho universal,,Desde 90 hasta 02,,Más comerciales
Honda,City,24”,14”,,Gancho universal,,Desde 10 hasta 14,,Más comerciales
Honda,Civic,21”,19”,,Gancho universal,,Desde 96 hasta 05,,Más comerciales
Honda,Crv,26”,16”,RX,910,,Desde 12 hasta 20,,Más comerciales
Honda,Civic lx,26”,22”,,Gancho universal,,Desde 06 hasta 14,,Más comerciales
Honda,Cr-v,26”,16”,,Gancho universal,,Desde 07 hasta 14,,Más comerciales
Honda,Cr-v,21”,20”,,Gancho universal,,Desde 03 hasta 06,,Más comerciales
Honda,Element dx,20”,20”,,Gancho universal,,Desde 03 hasta 04,,Más comerciales
Honda,Element ex,20”,20”,,Gancho universal,,Desde 07 hasta 11,,Más comerciales
Honda,Element ex,20”,20”,,Gancho universal,,Desde 03 hasta 06,,Más comerciales
Honda,Element lx,20”,20”,,Gancho universal,,Desde 04 hasta 06,,Más comerciales
Honda,Element sc,20”,20”,,Gancho universal,,Desde 07 hasta 10,,Más comerciales
Honda,Fit,28”,14”,,Gancho universal,,Desde 09 hasta 14,,Más comerciales
Honda,Fit,24”,16”,,Gancho universal,,Desde 06 hasta 08,,Más comerciales
Honda,Legend,"28""","28""",,Gancho universal,,Desde el año 08 en adelante,,Más comerciales
Honda,Insight,26”,18”,,Gancho universal,,Desde 10 hasta 11,,Más comerciales
Honda,Odyssey,26”,22”,,Gancho universal,,Desde 05 hasta 14,,Más comerciales
Honda,Odyssey,24”,21”,,Gancho universal,,Desde 99 hasta 04,,Más comerciales
Honda,Pilot,22”,21”,,Gancho universal,,Desde 09 hasta 14,,Más comerciales
Honda,Pilot,22”,18”,,Gancho universal,,Desde 03 hasta 08,,Más comerciales
Honda,Ridgeline,22”,22”,,Gancho universal,,Desde 07 hasta 14,,Más comerciales
Hummer,H2,16”,16”,,Gancho universal,,Desde 05 hasta 09,,Otros
Hummer,H3,16”,16”,,Gancho universal,,Desde 06 hasta 10,,Otros
Hyundai,Accent,26”,16”,,Gancho universal,,Desde 12 hasta 14,,Más comerciales
Hyundai,Accent  todos,20”,18”,,Gancho universal,,Desde 95 hasta 11,,Más comerciales
Hyundai,Atos/prime/santo,20”,16”,,Gancho universal,,Desde el año 99 en adelante,,Más comerciales
Hyundai,Elantra todos,"20""","18""",,Gancho universal,,Desde el año 93 en adelante,,Más comerciales
Hyundai,"Elantra 2,0/ supreme 2,0","24""","18""",,Gancho universal,,Desde el año 06 en adelante,,Más comerciales
Hyundai,Excell,"18""","18""",,Gancho universal,,Desde 93 hasta 95,,Más comerciales
Hyundai,Eon,"22""","14""",,Gancho universal,,Desde el año 15 en adelante,,Más comerciales
Hyundai,Getz,22”,14”,,Gancho universal,,Desde 02 hasta 06,,Más comerciales
Hyundai,Getz,"22""","14""",,Gancho universal,,Desde el año 06 en adelante,,Más comerciales
Hyundai,Genesis,24”,"20""",,Gancho universal,,Desde el año 10 en adelante,,Más comerciales
Hyundai,I10,22”,16”,,Gancho universal,,Desde el año 07 en adelante,,Más comerciales
Hyundai,I25,26”,12”,,Gancho universal,,Desde el año 11 en adelante,,Más comerciales
Hyundai,I30 - i35,24”,18”,,Gancho universal,,Desde el año 11 en adelante,,Más comerciales
Hyundai,I45,"28""",18”,,Gancho universal,,Desde el año 11 en adelante,,Más comerciales
Hyundai,Santa fe todas,24”,18”,,Gancho universal,,Desde 10 hasta 12,,Más comerciales
Hyundai,Sonata,"20""",20,,Gancho universal,,Desde 93 hasta 95,,Más comerciales
Hyundai,Sonata,"22""","18""",,Gancho universal,,Desde el año 96 en adelante,,Más comerciales
Hyundai,Sonata,"24""","20""",,Gancho universal,,Desde el año 07 en adelante,,Más comerciales
Hyundai,Terracam,"22""","20""",,Gancho universal,,Desde el año 05 en adelante,,Más comerciales
Hyundai,Tucson,24”,16”,,Gancho universal,,Desde el año 08 en adelante,,Más comerciales
Hyundai,Tiburon,"20""","18""",,Gancho universal,,Desde el año 03 en adelante,,Más comerciales
Hyundai,Veracruz,"24""","20""",,Gancho universal,,Desde el año 07 en adelante,,Más comerciales
Hyundai,Veloster,"26""","18""",,Gancho universal,,Todos,,Más comerciales
Jac,1061,"21""","21""",,Gancho universal,,Desde el año 10 en adelante,,Otros
Jac,1040k,"20""","20""",,Gancho universal,,Desde el año 10 en adelante,,Otros
Jac,A13,"22""","22""",,Gancho universal,,Desde el año 10 en adelante,,Otros
Jac,B15,"25""","14""",,Gancho universal,,Desde el año 11 en adelante,,Otros
Jac,B18,"26""","14""",,Gancho universal,,Desde el año 10 en adelante,,Otros
Jac,S3,"24""","14""",RX,590,,Todos,,Otros
Jac,S2,"24""","16""",RX,590,,Todos,,Otros
Jeep,Cherokee latitude,26”,18”,,Gancho universal,,Año 2014,,Otros
Jeep,Cherokee trailhawk,26”,18”,,Gancho universal,,Año 2014,,Otros
Jeep,Comanche,18”,18”,,Gancho universal,,Desde 86 hasta 92,,Otros
Jeep,Commander,18”,18”,,Gancho universal,,Desde 06 hasta 10,,Otros
Jeep,Compass,22”,20”,,Gancho universal,,Desde 07 hasta 14,,Otros
Jeep,Grand cherokee,22”,21”,,Gancho universal,,Desde 11 hasta 14,,Otros
Jeep,Grand cherokee,21”,21”,,Gancho universal,,Desde 92 hasta 10,,Otros
Jeep,Liberty,19”,19”,,Gancho universal,,Desde 01 hasta 13,,Otros
Jeep,Patriot,21”,21”,,Gancho universal,,Desde 07 hasta 14,,Otros
Jeep,Wagoneer,18”,18”,,Gancho universal,,Desde 84 hasta 01,,Otros
Jeep,Wrangler,15”,15”,,Gancho universal,,Desde 07 hasta 14,,Otros
Jeep,Wrangler,13”,13”,,Gancho universal,,Desde 03 hasta 06,,Otros
Kia,Borrego ex / lx,24”,20”,,Gancho universal,,Año 2009,,Más comerciales
Kia,Cadensa,"26""","14""",,Gancho universal,,Desde el año 10 en adelante,,Más comerciales
Kia,Carens,"24""","16""",,Gancho universal,,Desde el año 03 en adelante,,Más comerciales
Kia,Carens seven cool,"26""","21""",,Gancho universal,,Desde el año 07 en adelante,,Más comerciales
Kia,Carnival,"22""","22""",,Gancho universal,,Desde 00 hasta 03,,Más comerciales
Kia,Cerato,"24""",16”,,Gancho universal,,Desde el año 06 en adelante,,Más comerciales
Kia,Cerato forte / koup,"26""","20""",,Gancho universal,,Desde el año 10 en adelante,,Más comerciales
Kia,Forte ex,24”,20”,,Gancho universal,,Desde 11 hasta 14,,Más comerciales
Kia,Forte koup,24”,20”,,Gancho universal,,Desde 11 hasta 14,,Más comerciales
Kia,Forte lx,24”,20”,,Gancho universal,,Desde 11 hasta 14,,Más comerciales
Kia,K2700,"22""","18""",,Gancho universal,,"95""",,Más comerciales
Kia,Mohave,"22""","16""",,Gancho universal,,Desde el año 10 en adelante,,Más comerciales
Kia,Optima,"26""","14""",,Gancho universal,,Desde el año 10 en adelante,,Más comerciales
Kia,Picanto,"22""","16""",,Gancho universal,,Desde el año 05 en adelante,,Más comerciales
Kia,Picanto ion,22”,16”,,Gancho universal,,Desde el año 08 en adelante,,Más comerciales
Kia,"Pregio 2,7 / 3,0","20""","18""",,Gancho universal,,Desde el año 96 en adelante,,Más comerciales
Kia,Pride / pop / young,"18""","18""",,Gancho universal,,Desde el año 92 en adelante,,Más comerciales
Kia,Rio ex / lx,26”,16”,,Gancho universal,,Desde 12 hasta 14,,Más comerciales
Kia,Rio lx,22”,16”,,Gancho universal,,Desde 06 hasta 07,,Más comerciales
Kia,Rio sx,26”,16”,,Gancho universal,,Desde 12 hasta 14,,Más comerciales
Kia,Rio sx,22”,16”,,Gancho universal,,Desde 07 hasta 11,,Más comerciales
Kia,Rondo ex / lx,26”,16”,,Gancho universal,,Desde 07 hasta 10,,Más comerciales
Kia,Sedona,"24""","24""",,Gancho universal,,Desde el año 10 en adelante,,Más comerciales
Kia,Sedona lx,26”,18”,,Gancho universal,,Desde el año 07 en adelante,,Más comerciales
Kia,Sephia,"20""","18""",,Gancho universal,,Desde el año 93 en adelante,,Más comerciales
Kia,Sorento todos,24”,20”,,Gancho universal,,Desde el año 11 en adelante,,Más comerciales
Kia,Soul todos,24”,18”,,Gancho universal,,Desde el año 10 en adelante,,Más comerciales
Kia,Spectra ex / lx / sx,24”,16”,,Gancho universal,,Desde 05 hasta 09,,Más comerciales
Kia,Spectra 5 sx,24”,16”,,Gancho universal,,Desde 07 hasta 09,,Más comerciales
Kia,Sportage todas,"24""","16""",,Gancho universal,,Desde el año 06 en adelante,,Más comerciales
Kia,Stylus,"22""","16""",,Gancho universal,,Desde 12 hasta 15,,Más comerciales
Land rover,Defender (todos),"14""","14""",,Gancho universal,,Desde el año 94 en adelante,,Otros
Land rover,Discovery,"17""","17""",,Gancho universal,,Desde el año 94 en adelante,,Otros
Land rover,Discovery ii,"21""","21""",,Gancho universal,,Desde 98 hasta 04,,Otros
Land rover,Discovery iii,"22""","21""",,Gancho universal,,Desde 05 hasta 07,,Otros
Land rover,Freelander,"21""","21""",,Gancho universal,,Desde el año 98 en adelante,,Otros
Land rover,Freelander ii,"24""","19""",,Gancho universal,,Desde el año 07 en adelante,,Otros
Land rover,Freelander ii,"24""","19""",RX,510,,Desde el año 12 en adelante,,Otros
Land rover,Lr2,"24""","20""",,Gancho universal,,Desde 08 hasta 09,,Otros
Land rover,Lr3,"22""","21""",,Gancho universal,,Desde 05 hasta 08,,Otros
Land rover,Range rover 1,"21""","21""",,Gancho universal,,Desde el año 94 en adelante,,Otros
Land rover,Range rover 2,"22""","22""",,Gancho universal,,Desde 95 hasta 02,,Otros
Land rover,Range rover 3,"26""","26""",,Gancho universal,,Desde el año 05 en adelante,,Otros
Lexus,Es250,"22""","18""",,Gancho universal,,Desde 92 hasta 94,,Otros
Lexus,Es250,"22""","18""",,Gancho universal,,Desde 90 hasta 91,,Otros
Lexus,Ls400,"22""","16""",,Gancho universal,,Desde 90 hasta 94,,Otros
Lexus,Sc300,"20""","20""",,Gancho universal,,Desde 92 hasta 00,,Otros
Lincoln,Navigator,"24""","18""",,Gancho universal,,Todos,,Otros
Lincoln,Town car sedan,"22""","22""",,Gancho universal,,Desde el año 99 en adelante,,Otros
Lincoln,Zephir,"24""","19""",,Gancho universal,,Desde 06 hasta 07,,Otros
Mazda,121,"20""","16""",,Gancho universal,,Desde 97 hasta 99,,Más comerciales
Mazda,323,"18""","18""",,Gancho universal,,Desde 83 hasta 04,,Más comerciales
Mazda,626,"20""","20""",,Gancho universal,,Desde 84 hasta 97,,Más comerciales
Mazda,626,"22""","18""",,Gancho universal,,Desde el año 00 en adelante,,Más comerciales
Mazda,Mazda 2 new,"22""","16""",,Gancho universal,,Desde el año 15 en adelante,,Más comerciales
Mazda,3 grand touring,24”,18”,,Gancho universal,,Año 2014,,Más comerciales
Mazda,3 il4,24”,19”,,Gancho universal,,Desde 10 hasta 13,,Más comerciales
Mazda,3 il4,21”,19”,,Gancho universal,,Desde 04 hasta 09,,Más comerciales
Mazda,3 mazda speed,24”,19”,,Gancho universal,,Desde 10 hasta 13,,Más comerciales
Mazda,3 mazda speed,21”,19”,,Gancho universal,,Desde 07 hasta 09,,Más comerciales
Mazda,3 sl4,24”,19”,,Gancho universal,,Desde 10 hasta 13,,Más comerciales
Mazda,3 sl4,21”,19”,,Gancho universal,,Desde 04 hasta 09,,Más comerciales
Mazda,3 sp23,21”,19”,,Gancho universal,,Año 2005,,Más comerciales
Mazda,3 touring,24”,18”,,Gancho universal,,Año 2014,,Más comerciales
Mazda,3 sky activ,"24""","18""",RX,620,,Desde el año 22 en adelante,,Más comerciales
Mazda,5 grand touring,26”,16”,,Gancho universal,,Desde 07 hasta 14,,Más comerciales
Mazda,5 sport,26”,16”,,Gancho universal,,Desde 12 hasta 14,,Más comerciales
Mazda,5 sport,26”,16”,,Gancho universal,,Desde 06 hasta 10,,Más comerciales
Mazda,5 touring,26”,16”,,Gancho universal,,Desde 06 hasta 10,,Más comerciales
Mazda,6 il4,22”,18”,,Gancho universal,,Desde 04 hasta 07,,Más comerciales
Mazda,6 mazda speed,22”,18”,,Gancho universal,,Desde 06 hasta 07,,Más comerciales
Mazda,6 s,22”,18”,,Gancho universal,,Desde 04 hasta 07,,Más comerciales
Mazda,Alegro todos,"22""","18""",,Gancho universal,,Desde el año 00 en adelante,,Más comerciales
Mazda,Asahi / 626 l / lx,"20""","20""",,Gancho universal,,Desde 88 hasta 97,,Más comerciales
Mazda,Asahi glx,"18""","18""",,Gancho universal,,Desde 84 hasta 86,,Más comerciales
Mazda,B1600,"16""","16""",,Gancho universal,,Año 86,,Más comerciales
Mazda,B2000- 2200 - 2600,"18""","18""",,Gancho universal,,Desde el año 88 en adelante,,Más comerciales
Mazda,Cx-5,24”,18”,,Gancho universal,,Desde 13 hasta 15,,Más comerciales
Mazda,Cx-5,"24""","18""",RX,636,,Desde el año 16 en adelante,,Más comerciales
Mazda,Cx-7,26”,16”,,Gancho universal,,Desde 07 hasta 12,,Más comerciales
Mazda,Cx-9,26”,16”,,Gancho universal,,Desde 07 hasta 14,,Más comerciales
Mazda,Cx-9,"24""","16""",RX,636,,Desde el año 15 en adelante,,Más comerciales
Mazda,Cx30,"26""","16""",RX,620,,Desde el año 20 en adelante,,Más comerciales
Mazda,Demio,"20""","16""",,Gancho universal,,Desde el año 04 en adelante,,Más comerciales
Mazda,Matsuri,"22""","18""",,Gancho universal,,Desde 94 hasta 98,,Más comerciales
Mazda,Bt50,"24""","16""",RX,590,,Desde el año 20 en adelante,,Más comerciales
Mazda,Mazda 2,24”,14”,,Gancho universal,,Desde 12 hasta 14,,Más comerciales
Mazda,Mazda 3 hatchback,24”,19”,,Gancho universal,,Desde 10 hasta 14,,Más comerciales
Mazda,Mazda 3 hatchback,21”,19”,RX,510,,Desde 06 hasta 09,,Más comerciales
Mazda,Mazda 3 sedán,24”,19”,,Gancho universal,,Desde 10 hasta 14,,Más comerciales
Mazda,Mazda 3 sedán,21”,19”,,Gancho universal,,Desde 06 hasta 09,,Más comerciales
Mazda,Mazda 5,26”,16”,,Gancho universal,,Año 2006,,Más comerciales
Mazda,Mazda 6,24”,18”,,Gancho universal,,Desde 09 hasta 14,,Más comerciales
Mazda,Mazda 6,22”,18”,,Gancho universal,,Desde 06 hasta 08,,Más comerciales
Mazda,Mx-5 miata,18”,18”,,Gancho universal,,Desde 06 hasta 14,,Más comerciales
Mazda,T45 turbo,"18""","18""",,Gancho universal,,Desde el año 95 en adelante,,Más comerciales
Mazda,Tribute hybrid,20”,20”,RX,510,,Desde 08 hasta 10,,Más comerciales
Mazda,Tribute il4,20”,20”,RX,510,,Desde 08 hasta 11,,Más comerciales
Mercedez,Clase a 160,26”,22”,,Gancho universal,,Desde 03 hasta 04,,Más comerciales
Mercedez,Clase a 180,26”,22”,,Gancho universal,,Desde 13 hasta 14,,Más comerciales
Mercedez,Clase a 190,24”,24”,,Gancho universal,,Desde 03 hasta 04,,Más comerciales
Mercedez,Clase a 200,24”,19”,,Gancho universal,,Desde 13 hasta 14,,Más comerciales
Mercedez,Clase b 180,26”,22”,,Gancho universal,,Desde 12 hasta 14,,Más comerciales
Mercedez,Clase b 200,26”,24”,,Gancho universal,,Desde 10 hasta 11,,Más comerciales
Mercedez,Clase b 200,24”,22”,RX,510,,Desde 06 hasta 09,,Más comerciales
Mercedez,"Clase c (200,320)",24”,22”,,Gancho universal,,Desde 03 hasta 05,,Más comerciales
Mercedez,"Clase c (280,300,350)",22”,22”,RX,635,,Desde 06 hasta 14,,Más comerciales
Mercedez,"Clase cl (500, 600)",28”,28”,RX,635,,Desde 03 hasta 13,,Más comerciales
Mercedez,Clase cl 230 k,24”,24”,,Gancho universal,,Desde 03 hasta 05,,Más comerciales
Mercedez,Clase cl63 amg,24”,24”,RX,635,,Desde 08 hasta 10,,Más comerciales
Mercedez,"Clase clk (320,350,500)",22”,22”,,Gancho universal,,Desde 03 hasta 09,,Más comerciales
Mercedez,"Clase cls (63, 500)",26”,26”,,Gancho universal,,Desde 07 hasta 14,,Más comerciales
Mercedez,Clase e cabriolet,24”,24”,RX,635,,Desde 11 hasta 14,,Más comerciales
Mercedez,Clase e coupé,24”,24”,,Gancho universal,,Desde 10 hasta 14,,Más comerciales
Mercedez,Clase e 280,26”,26”,RX,510,,Desde 07 hasta 09,,Más comerciales
Mercedez,Clase g,16”,16”,RX,510,,Desde 03 hasta 14,,Más comerciales
Mercedez,Clase gl450,28”,21”,RX,635,,Desde 07 hasta 09,,Más comerciales
Mercedez,Clase gl500,28”,21”,RX,510,,Desde 09 hasta 13,,Más comerciales
Mercedez,Clase glk,22”,19”,RX,510,,Desde 09 hasta 14,,Más comerciales
Mercedez,Clase ml 320,22”,22”,RX,510,,Año 2003,,Más comerciales
Mercedez,Clase ml 350,26”,22”,RX,510,,Desde 13 hasta 14,,Más comerciales
Mercedez,Clase ml 350,24”,22”,RX,510,,Desde 12 hasta 13,,Más comerciales
Mercedez,Clase ml 350,28”,21”,RX,510,,Desde 06 hasta 11,,Más comerciales
Mercedez,Clase ml 350,22”,22”,RX,635,,Desde 03 hasta 05,,Más comerciales
Mercedez,"Clase ml (63, 500)",28”,21”,,Gancho universal,,Desde 06 hasta 08,,Más comerciales
Mercedez,Clase r,28”,21”,,Gancho universal,,Desde 06 hasta 11,,Más comerciales
Mercedez,Clase s 430,28”,28”,RX,635,,Desde 03 hasta 05,,Más comerciales
Mercedez,Clase sl,26”,26”,RX,635,,Desde 03 hasta 10,,Más comerciales
Mercedez,C202-c203,22”,22”,RX,520,,Desde 03 hasta 08,,Más comerciales
Mercedez,A200-gla,22”,19”,RX,634,,Desde el año 2014 en adelante,,Más comerciales
Mercedez,"Clase slk (200, 280, 350)",22”,22”,,Gancho universal,,Desde 07 hasta 14,,Más comerciales
Mercedez,Sprinter,"26""","24""",RX,510,,Desde el año 15 en adelante,,Más comerciales
Mercedez,Sprinter,26”,24”,,Gancho universal,,Desde 07 hasta 13,,Más comerciales
Mercedez,Sprinter,24”,22”,,Gancho universal,,Desde 04 hasta 06,,Más comerciales
Mitsubishi,Asx,24”,"20""",,Gancho universal,,Todos,,Más comerciales
Mitsubishi,Bt50,"18""","18""",,Gancho universal,,Desde el año 07 en adelante,,Más comerciales
Mitsubishi,Hard top,"18""","18""",,Gancho universal,,Desde el año 94 en adelante,,Más comerciales
Mitsubishi,3,24”,"18""",,Gancho universal,,Desde el año 11 en adelante,,Más comerciales
Mitsubishi,Eclipse,24”,22”,,Gancho universal,,Desde 03 hasta 12,,Más comerciales
Mitsubishi,Endeavor,26”,21”,,Gancho universal,,Desde 04 hasta 11,,Más comerciales
Mitsubishi,Galant,26”,19”,,Gancho universal,,Desde 04 hasta 09,,Más comerciales
Mitsubishi,Galant,24”,18”,,Gancho universal,,Desde 00 hasta 03,,Más comerciales
Mitsubishi,Grandis,28”,22”,,Gancho universal,,Desde 07 hasta 09,,Más comerciales
Mitsubishi,L200,22”,19”,,Gancho universal,,Desde 08 hasta 14,,Más comerciales
Mitsubishi,L300,"18""","18""",,Gancho universal,,Desde 03 hasta 06,,Más comerciales
Mitsubishi,Lancer,24”,18”,,Gancho universal,,Desde 03 hasta 07,,Más comerciales
Mitsubishi,Lancer evolution,26”,18”,,Gancho universal,,Desde 08 hasta 14,,Más comerciales
Mitsubishi,Lancer ralliart,26”,18”,,Gancho universal,,Desde 10 hasta 14,,Más comerciales
Mitsubishi,Lancer avanzado,"24""","16""",,Gancho universal,,Desde 08 hasta 12,,Más comerciales
Mitsubishi,Mirage,24”,16”,,Gancho universal,,Año 2014,,Más comerciales
Mitsubishi,Montero,"16""","16""",,Gancho universal,,Desde 87 hasta 90,,Más comerciales
Mitsubishi,Montero,"18""","18""",,Gancho universal,,Desde 92 hasta 95,,Más comerciales
Mitsubishi,Montero,"20""","20""",,Gancho universal,,Desde 04 hasta 07,,Más comerciales
Mitsubishi,Montero new,22”,20”,,Gancho universal,,Desde 08 hasta 17,,Más comerciales
Mitsubishi,Outlander,24”,20”,,Gancho universal,,Desde 07 hasta 14,,Más comerciales
Mitsubishi,Outlander,22”,"22""",,Gancho universal,,Desde 04 hasta 06,,Más comerciales
Mitsubishi,Space star,22”,22”,,Gancho universal,,Desde 03 hasta 04,,Más comerciales
Mitsubishi,Turbo center,"18""","18""",,Gancho universal,,Desde el año 93 en adelante,,Más comerciales
Mitsubishi,Wagon/station wagon,"20""","20""",,Gancho universal,,Desde el año 93 en adelante,,Más comerciales
Mini,Cooper,"18""","18""",,Gancho universal,,Desde el año 03 en adelante,,Otros
Mini,Cooper club man,"20""","20""",,Gancho universal,,Desde el año 11 en adelante,,Otros
Mini,Cooper s,"18""","18""",,Gancho universal,,Desde el año 11 en adelante,,Otros
Mini,Cooper works,"20""","20""",,Gancho universal,,Desde el año 09 en adelante,,Otros
Mini,Countryman,"20""","20""",,Gancho universal,,Desde el año 11 en adelante,,Otros
Nissan,300 zx,18”,18”,,Gancho universal,,Desde 90 hasta 96,,Más comerciales
Nissan,350 z,20”,18”,,Gancho universal,,Desde 03 hasta 08,,Más comerciales
Nissan,370 z,21”,19”,,Gancho universal,,Desde 09 hasta 14,,Más comerciales
Nissan,Almera,21”,"20""",,Gancho universal,,Desde el año 96 en adelante,,Más comerciales
Nissan,Almera hb,"22""","22""",,Gancho universal,,Desde el año 96 en adelante,,Más comerciales
Nissan,Almera sg,"20""","16""",,Gancho universal,,Desde el año 03 en adelante,,Más comerciales
Nissan,Altima,"24""","18""",,Gancho universal,,Desde el año 05 en adelante,,Más comerciales
Nissan,Altima,26”,16”,,Gancho universal,,Desde 02 hasta 06,,Más comerciales
Nissan,Altima,"19""",19”,,Gancho universal,,Desde 92 hasta 01,,Más comerciales
Nissan,Aprio,18”,18”,,Gancho universal,,Desde 08 hasta 10,,Más comerciales
Nissan,Armada,24”,22”,,Gancho universal,,Desde 04 hasta 14,,Más comerciales
Nissan,B14/b13,"18""","18""",,Gancho universal,,Desde el año 96 en adelante,,Más comerciales
Nissan,Bluebird t12,"20""","20""",,Gancho universal,,Desde el año 85 en adelante,,Más comerciales
Nissan,Bluebird u11,"20""","20""",,Gancho universal,,Desde el año 83 en adelante,,Más comerciales
Nissan,Cabstar,"18""","18""",,Gancho universal,,Desde 01 hasta 04,,Más comerciales
Nissan,Cabstar,"24""","24""",,Gancho universal,,Desde el año 05 en adelante,,Más comerciales
Nissan,Campero tradicional,"11""","11""",,Gancho universal,,Desde el año 82 en adelante,,Más comerciales
Nissan,Cube,20”,20”,,Gancho universal,,Desde 09 hasta 12,,Más comerciales
Nissan,Datsun,16”,16”,,Gancho universal,,Desde 70 hasta 78,,Más comerciales
Nissan,Doble cabina,"20""","20""",,Gancho universal,,Desde el año 94 en adelante,,Más comerciales
Nissan,Frontier,24”,18”,,Gancho universal,,Desde 07 hasta 14,,Más comerciales
Nissan,Frontier,19”,19”,,Gancho universal,,Desde 03 hasta 06,,Más comerciales
Nissan,Ichi van,18”,18”,,Gancho universal,,Desde 87 hasta 93,,Más comerciales
Nissan,Juke,24”,13”,,Gancho universal,,Desde 12 hasta 14,,Más comerciales
Nissan,Leaf,26”,16”,,Gancho universal,,Desde 13 hasta 14,,Más comerciales
Nissan,Lucino,21”,19”,,Gancho universal,,Desde 93 hasta 99,,Más comerciales
Nissan,March,21”,"14""",,Gancho universal,,Desde 12 hasta 14,,Más comerciales
Nissan,Maxima,28”,16”,,Gancho universal,,Desde 09 hasta 14,,Más comerciales
Nissan,Maxima,26”,16”,,Gancho universal,,Desde 00 hasta 08,,Más comerciales
Nissan,Maxima,"21""",21”,,Gancho universal,,Desde 95 hasta 99,,Más comerciales
Nissan,Maxima,18”,18”,,Gancho universal,,Desde 91 hasta 94,,Más comerciales
Nissan,Micra,"20""","18""",,Gancho universal,,Desde 05 hasta 07,,Más comerciales
Nissan,Murano,"26""","20""",,Gancho universal,,Desde 04 hasta 14,,Más comerciales
Nissan,Murano new,"26""","18""",,Gancho universal,,Desde 04 hasta 15,,Más comerciales
Nissan,Nx 1600,19”,18”,,Gancho universal,,Desde 91 hasta 93,,Más comerciales
Nissan,Nx 2000,19”,18”,,Gancho universal,,Desde 91 hasta 93,,Más comerciales
Nissan,Navara,"24""","18""",,Gancho universal,,Desde el año 08 en adelante,,Más comerciales
Nissan,Note,"24""","13""",,Gancho universal,,Desde el año 12 en adelante,,Más comerciales
Nissan,Pathfinder,26”,16”,,Gancho universal,,Desde 13 hasta 14,,Más comerciales
Nissan,Pathfinder,24”,18”,,Gancho universal,,Desde 05 hasta 12,,Más comerciales
Nissan,Pathfinder,22”,21”,,Gancho universal,,Desde 96 hasta 04,,Más comerciales
Nissan,Patrol,"20""","20""",,Gancho universal,,Desde el año 94 en adelante,,Más comerciales
Nissan,Platina,20”,18”,,Gancho universal,,Desde 03 hasta 10,,Más comerciales
Nissan,Quest,26”,19”,,Gancho universal,,Desde 11 hasta 14,,Más comerciales
Nissan,Quest,28”,18”,,Gancho universal,,Desde 03 hasta 09,,Más comerciales
Nissan,Quest,22”,22”,,Gancho universal,,Desde 92 hasta 02,,Más comerciales
Nissan,Qashqai,24,14,RX,510,,Todos,,Más comerciales
Nissan,Rogue,26”,14”,,Gancho universal,,Desde 08 hasta 14,,Más comerciales
Nissan,Sentra,28”,14”,RX,910,,Desde 13 hasta 14,,Más comerciales
Nissan,Sentra,26”,16”,,Gancho universal,,Desde 08 hasta 12,,Más comerciales
Nissan,Sentra,22”,16”,,Gancho universal,,Desde 00 hasta 07,,Más comerciales
Nissan,Sentra,21”,19”,,Gancho universal,,Desde 95 hasta 99,,Más comerciales
Nissan,Tidia,24”,14”,,Gancho universal,,Desde el año 11 en adelante,,Más comerciales
Nissan,Tidia,"22""","16""",,Gancho universal,,Desde el año 07 en adelante,,Más comerciales
Nissan,Titan,24”,22”,,Gancho universal,,Desde 04 hasta 14,,Más comerciales
Nissan,Tsubame,20”,18”,,Gancho universal,,Desde 86 hasta 04,,Más comerciales
Nissan,Tsuru,21”,19”,,Gancho universal,,Desde 93 hasta 14,,Más comerciales
Nissan,Tsuru,21”,19”,,Gancho universal,,Desde 86 hasta 91,,Más comerciales
Nissan,Urvan,"19""",19”,,Gancho universal,,Desde 03 hasta 14,,Más comerciales
Nissan,Versa,24”,14”,,Gancho universal,,Desde 12 hasta 14,,Más comerciales
Nissan,X-terra,24”,18”,,Gancho universal,,Desde 05 hasta 07,,Más comerciales
Nissan,X-terra,19”,19”,,Gancho universal,,Desde 03 hasta 04,,Más comerciales
Nissan,X-trail,24”,16”,,Gancho universal,,Desde 03 hasta 14,,Más comerciales
Nissan,X-trail,"26""","16""",RX,910,,Desde el año 15 en adelante,,Más comerciales
Nissan,D21,19”,19”,,Gancho universal,,Desde 03 hasta 08,,Más comerciales
Nissan,Np300,19”,19”,,Gancho universal,,Desde 09 hasta 14,,Más comerciales
Nissan,Versa,"26""","14""",,Gancho universal,,Desde el año 11 en adelante,,Más comerciales
Nissan,Qashqai,"24""","15""",,Gancho universal,,Desde el año 09 en adelante,,Más comerciales
Peugeot,205,"18""","18""",,Gancho universal,,Desde 95 hasta 98,,Otros
Peugeot,205,"24""","16""",,Gancho universal,,Desde el año 03 en adelante,,Otros
Peugeot,206,26”,16”,,Gancho universal,,Desde 03 hasta 09,,Otros
Peugeot,207,26”,16”,RX,635,,Desde 08 hasta 14,,Otros
Peugeot,207 rc,26”,16”,RX,635,,Desde 08 hasta 10,,Otros
Peugeot,307,28”,26”,RX,635,,Desde 03 hasta 09,,Otros
Peugeot,208,26”,16”,RX,590,,Desde 09 hasta 14,,Otros
Peugeot,406,22”,22”,,Gancho universal,,Desde 03 hasta 05,,Otros
Peugeot,406 coupé,26”,24”,,Gancho universal,,Desde 03 hasta 05,,Otros
Peugeot,407,28”,28”,RX,635,,Desde 06 hasta 09,,Otros
Peugeot,508,26”,26”,RX,510,,Desde 12 hasta 14,,Otros
Peugeot,607,26”,21”,,Gancho universal,,Desde 03 hasta 08,,Otros
Peugeot,3008,26”,16”,RX,590,,Desde 11 hasta 14,,Otros
Peugeot,Expert,26”,16”,,Gancho universal,,Desde 08 hasta 09,,Otros
Peugeot,Grand raid,26”,16”,,Gancho universal,,Desde 07 hasta 12,,Otros
Peugeot,Manager,26”,22”,RX,510,,Desde 09 hasta 14,,Otros
Peugeot,Partner,22”,22”,RX,510,,Desde 04 hasta 14,,Otros
Porsche,911 (964),"14""","14""",,Gancho universal,,Desde 89 hasta 93,,Otros
Porsche,911 (993),"18""","16""",,Gancho universal,,Desde 93 hasta 97,,Otros
Porsche,911 (996)/ boxster,"22""","22""",,Gancho universal,,Desde 97 hasta 04,,Otros
Porsche,911 carrera cabrio,"22""","20""",,Gancho universal,,Desde 08 hasta 09,,Otros
Porsche,Boxter,"22""","20""",,Gancho universal,,Desde el año 04 en adelante,,Otros
Porsche,Carrera,"22""","20""",,Gancho universal,,Desde el año 98 en adelante,,Otros
Porsche,Cayanne,"26""","26""",,Gancho universal,,Desde el año 04 en adelante,,Otros
Porsche,Cayanne new,"26""","26""",,Gancho universal,,Desde el año 07 en adelante,,Otros
Porsche,Cayman,"22""","20""",,Gancho universal,,Desde el año 05 en adelante,,Otros
Porsche,Pamera,"24""","20""",,Gancho universal,,Desde el año 09 en adelante,,Otros
Renault,4,"11""","11""",,Gancho universal,,Desde 79 hasta 93,,Más comerciales
Renault,6,"14""","14""",,Gancho universal,,Desde 79 hasta 84,,Más comerciales
Renault,9,"18""","18""",,Gancho universal,,Desde el año 83 en adelante,,Más comerciales
Renault,12,"16""","16""",,Gancho universal,,Desde 79 hasta 81,,Más comerciales
Renault,18,"16""","16""",,Gancho universal,,Desde 81 hasta 87,,Más comerciales
Renault,19 todos,"20""","20""",,Gancho universal,,Desde el año 94 en adelante,,Más comerciales
Renault,21,"20""","20""",,Gancho universal,,Desde 87 hasta 94,,Más comerciales
Renault,Alliance,18”,18”,,Gancho universal,,Desde 83 hasta 87,,Más comerciales
Renault,Clio,"18""","18""",,Gancho universal,,Desde 03 hasta 10,,Más comerciales
Renault,Clio,"20""","18""",,Gancho universal,,Desde 16 hasta 17,,Más comerciales
Renault,Capture,"24""","16""",RX,550,,Desde el año 15 en adelante,,Más comerciales
Renault,Citius,"18""","18""",RX,590,,Desde el año 05 en adelante,,Más comerciales
Renault,Duster,"24""","18""",RX,635,,Desde 17 hasta 22,,Más comerciales
Renault,Duster,"22""","19""",RX,,,Desde el año 23 en adelante,,Más comerciales
Renault,Fluence,24”,16”,RX,660,,Desde 11 hasta 14,,Más comerciales
Renault,Kangoo,20”,20”,,Gancho universal,,Desde 04 hasta 14,,Más comerciales
Renault,Koleos,24”,19”,RX,510,,Desde 09 hasta 14,,Más comerciales
Renault,Logan,19”,19”,,Gancho universal,,Desde 09 hasta 15,,Más comerciales
Renault,Logan,22,19”,RX,550,,Desde el año 16 en adelante,,Más comerciales
Renault,Laguna,24”,20”,,Gancho universal,,Desde 03 hasta 06,,Más comerciales
Renault,Megane i,22”,20”,,Gancho universal,,Desde 03 hasta 04,,Más comerciales
Renault,Megane ii,24”,16”,RX,550,,Desde 04 hasta 09,,Más comerciales
Renault,Symbol,24”,16”,RX,550,,Todos,,Más comerciales
Renault,Megane iii,22”,20”,RX,590,,Desde el año 09 en adelante,,Más comerciales
Renault,Passenger,24”,21”,,Gancho universal,,Desde 07 hasta 08,,Más comerciales
Renault,R-12,16”,16”,,Gancho universal,,Desde 72 hasta 83,,Más comerciales
Renault,R-18,16”,16”,,Gancho universal,,Desde 83 hasta 91,,Más comerciales
Renault,Safrane,24”,24”,RX,510,,Desde 09 hasta 14,,Más comerciales
Renault,Sandero,"20""","20""",,Gancho universal,,Desde 10 hasta 15,,Más comerciales
Renault,Sandero,"22""","19""",RX,550,,Desde el año 16 en adelante,,Más comerciales
Renault,Scala,22”,16”,,Gancho universal,,Desde 11 hasta 13,,Más comerciales
Renault,Scenic i,24”,16”,,Gancho universal,,Desde 03 hasta 04,,Más comerciales
Renault,Scenic ii,26”,22”,,Gancho universal,,Desde 05 hasta 09,,Más comerciales
Renault,Stepway,20”,20”,,Gancho universal,,Desde 10 hasta 13,,Más comerciales
Renault,Stepway,22,19”,RX,550,,Desde el año 15 en adelante,,Más comerciales
Renault,Symbol,"20""","18""",,Gancho universal,,Desde el año 01 en adelante,,Más comerciales
Renault,Trafic,26”,18”,RX,590,,Desde el año 15 en adelante,,Más comerciales
Renault,Twingo,"26""",,,Gancho universal,,Desde 96 hasta 14,,Más comerciales
Renault,Twingo 2,"22""","14""",,,,Desde el año 15 en adelante,,Más comerciales
Skoda,Fabia/fabia twin can/comb,"21""","19""",,Gancho universal,,Desde el año 98 en adelante,,Otros
Skoda,Fabia,"26""","26""",,Gancho universal,,Desde el año 08 en adelante,,Otros
Skoda,Fabia new,"24""","16""",,,,Desde el año 12 en adelante,,Otros
Skoda,Octavia,"21""","19""",,Gancho universal,,Desde 98 hasta 07,,Otros
Skoda,Octavia new,"24""","20""",,Gancho universal,,Desde el año 08 en adelante,,Otros
Skoda,Roomster,"22""","11""",,Gancho universal,,Desde el año 08 en adelante,,Otros
Skoda,Roomster,"20""","20""",,,,Desde el año 11 en adelante,,Otros
Skoda,Yeti,"24""","18""",,Gancho universal,,Desde el año 11 en adelante,,Otros
Skoda,Ibiza,"24""","16""",,Gancho universal,,Todos,,Otros
Ssangyong,Actyon - sports,"21""","19""",,Gancho universal,,Desde el año 07 en adelante,,Otros
Ssangyong,Korando,"18""","18""",,Gancho universal,,Desde el año 96 en adelante,,Otros
Ssangyong,Kyron,"21""","19""",,Gancho universal,,Desde el año 07 en adelante,,Otros
Ssangyong,Mussa,"20""","18""",,Gancho universal,,Desde el año 97 en adelante,,Otros
Ssangyong,Rexton 8 / rx,"20""","20""",,Gancho universal,,Desde el año 06 en adelante,,Otros
Ssangyong,Static sv 270,"24""","18""",,Gancho universal,,Desde el año 07 en adelante,,Otros
Seat,Alhambra,28”,28”,RX,635,,Desde 03 hasta 08,,Otros
Seat,Altea,26”,26”,RX,510,,Desde 05 hasta 14,,Otros
Seat,Cordoba,21”,19”,,Gancho universal,,Desde 03 hasta 09,,Otros
Seat,Exeo,22”,22”,,Gancho universal,,Año 2011,,Otros
Seat,Ibiza,24”,16”,RX,590,,Desde 07 hasta 17,,Otros
Seat,Ibiza,21”,19”,,Gancho universal,,Desde 03 hasta 08,,Otros
Seat,Leon,26”,26”,RX,510,,Desde 06 hasta 15,,Otros
Seat,Leon,21”,19”,,Gancho universal,,Desde 03 hasta 05,,Otros
Seat,Toledo,26”,26”,RX,510,,Desde 13 hasta 15,,Otros
Seat,Toledo,21”,19”,,Gancho universal,,Desde 03 hasta 06,,Otros
Subaru,Forester,24”,18”,,Gancho universal,,Desde 09 hasta 14,,Otros
Subaru,Forester,22”,19”,,Gancho universal,,Desde 97 hasta 08,,Otros
Subaru,Impreza,26”,16”,,Gancho universal,,Desde 13 hasta 14,,Otros
Subaru,Impreza,24”,16”,,Gancho universal,,Desde 08 hasta 12,,Otros
Subaru,Impreza,22”,16”,,Gancho universal,,Desde 01 hasta 07,,Otros
Subaru,Legacy,26”,19”,,Gancho universal,,Desde 10 hasta 14,,Otros
Subaru,Legacy,24”,18”,,Gancho universal,,Desde 06 hasta 09,,Otros
Subaru,Legacy,22”,20”,,Gancho universal,,Desde 03 hasta 05,,Otros
Subaru,Legacy,21”,19”,,Gancho universal,,Desde 95 hasta 02,,Otros
Subaru,Outback,26”,19”,,Gancho universal,,Desde 10 hasta 14,,Otros
Subaru,Outback,24”,18”,,Gancho universal,,Desde 06 hasta 09,,Otros
Subaru,Tribeca,24”,20”,,Gancho universal,,Desde 06 hasta 13,,Otros
Subaru,Xv crosstrek,26”,16”,,Gancho universal,,Año 2014,,Otros
Suzuki,Aerio,22”,18”,,Gancho universal,,Desde 06 hasta 07,,Más comerciales
Suzuki,Lj50/lj80,"12""","12""",,Gancho universal,,Desde 78 hasta 84,,Más comerciales
Suzuki,Kizashi,24”,20”,,Gancho universal,,Desde 10 hasta 14,,Más comerciales
Suzuki,Swift,21”,19”,,Gancho universal,,Desde 07 hasta 14,,Más comerciales
Suzuki,Swift,"20""","18""",,Gancho universal,,Desde 89 hasta 95,,Más comerciales
Suzuki,Sx4,26”,16”,,Gancho universal,,Desde 08 hasta 14,,Más comerciales
Suzuki,Sj 410,"13""","13""",,Gancho universal,,Desde 84 hasta 90,,Más comerciales
Suzuki,Xl7,24”,19”,,Gancho universal,,Desde 07 hasta 09,,Más comerciales
Tata,Indica,"20""","20""",,Gancho universal,,Desde el año 00 en adelante,,Otros
Tata,Telcoline,"20""","20""",,Gancho universal,,Desde el año 00 en adelante,,Otros
Toyota,42 td,"24""","20""",,Gancho universal,,Desde el año 05 en adelante,,Más comerciales
Toyota,Autana,"18""","18""",,Gancho universal,,Todos,,Más comerciales
Toyota,4runner,22”,20”,,Gancho universal,,Desde 03 hasta 09,,Más comerciales
Toyota,Avanza,20”,16”,,Gancho universal,,Desde 07 hasta 14,,Más comerciales
Toyota,Burbuja,"18""","18""",,Gancho universal,,Desde el año 93 en adelante,,Más comerciales
Toyota,Camry,26”,18”,,Gancho universal,,Desde 12 hasta 14,,Más comerciales
Toyota,Camry,24”,19”,,Gancho universal,,Desde 03 hasta 11,,Más comerciales
Toyota,Corolla,"20""","18""",,Gancho universal,,Desde 95 hasta 03,,Más comerciales
Toyota,Corolla,"22""",16”,,Gancho universal,,Desde 04 hasta 08,,Más comerciales
Toyota,Corolla  new,"26""","16""",,Gancho universal,,Desde el año 09 en adelante,,Más comerciales
Toyota,Fj crusier,16”,14”,,Gancho universal,,Desde 08 hasta 14,,Más comerciales
Toyota,Fortuner,"22""","18""",,Gancho universal,,Desde el año 07 en adelante,,Más comerciales
Toyota,Hiace,20”,20”,,Gancho universal,,Desde 05 hasta 08,,Más comerciales
Toyota,Highlander,26”,20”,,Gancho universal,,Desde 08 hasta 14,,Más comerciales
Toyota,Hilux,"16""","16""",,Gancho universal,,Desde 95 hasta 97,,Más comerciales
Toyota,Hilux,"18""","18""",,Gancho universal,,Desde 98 hasta 06,,Más comerciales
Toyota,Hilux,"22""","18""",,Gancho universal,,Desde el año 06 en adelante,,Más comerciales
Toyota,Jeep tradicional,"14""","14""",,Gancho universal,,Desde 83 hasta 04,,Más comerciales
Toyota,Land cruiser,24”,22”,,Gancho universal,,Desde 04 hasta 14,,Más comerciales
Toyota,Land cruiser,"16""","16""",,Gancho universal,,Desde 91 hasta 97,,Más comerciales
Toyota,Matrix,26”,16”,,Gancho universal,,Desde 09 hasta 10,,Más comerciales
Toyota,Matrix,21”,18”,,Gancho universal,,Desde 03 hasta 08,,Más comerciales
Toyota,Mr2,20”,19”,,Gancho universal,,Desde 05 hasta 06,,Más comerciales
Toyota,Prius,26”,18”,,Gancho universal,,Desde 10 hasta 14,,Más comerciales
Toyota,Prado/prado ego,20”,18”,,Gancho universal,,Desde 98 hasta 02,,Más comerciales
Toyota,Prado lc 120 / 150,22”,20”,,Gancho universal,,Desde 03 hasta 09,,Más comerciales
Toyota,Prado vx lc 90,24”,20”,,Gancho universal,,Desde 07 hasta 16,,Más comerciales
Toyota,Prado tx-txl,"24""","20""",,Gancho universal,,Año 07,,Más comerciales
Toyota,Rav 4,"20""","18""",,Gancho universal,,Desde 98 hasta 03,,Más comerciales
Toyota,Rav 4,24”,16”,,Gancho universal,,Desde 04 hasta 14,,Más comerciales
Toyota,Runner,"22""","20""",,Gancho universal,,Desde el año 03 en adelante,,Más comerciales
Toyota,Sienna,28”,20”,,Gancho universal,,Desde 04 hasta 14,,Más comerciales
Toyota,Fortuner,22”,"18""",,Gancho universal,,Desde 10 hasta 16,,Más comerciales
Toyota,T100,19”,19”,,Gancho universal,,Desde 92 hasta 98,,Más comerciales
Toyota,Solara,24”,19”,,Gancho universal,,Desde 05 hasta 06,,Más comerciales
Toyota,Tercel,"18""","18""",,Gancho universal,,Desde el año 94 en adelante,,Más comerciales
Toyota,Tacoma,22”,21”,,Gancho universal,,Desde 06 hasta 14,,Más comerciales
Toyota,Tacoma,16”,16”,,Gancho universal,,Desde 95 hasta 04,,Más comerciales
Toyota,Tundra,26”,24”,,Gancho universal,,Desde 13 hasta 14,,Más comerciales
Toyota,Tundra,26”,22”,,Gancho universal,,Desde 07 hasta 12,,Más comerciales
Toyota,Vxr,"20""","20""",,Gancho universal,,Desde el año 05 en adelante,,Más comerciales
Toyota,Venza,26”,22”,,Gancho universal,,Desde 09 hasta 11,,Más comerciales
Toyota,Yaris,26”,14”,,Gancho universal,,Desde 06 hasta 14,,Más comerciales
Toyota,Sequoia,26”,19”,RX,510,,Desde 08 hasta 14,,Más comerciales
Volkswagen,Amarok,24”,14”,,Gancho universal,,Desde 11 hasta 14,,Más comerciales
Volkswagen,Amarok,"24""","21""",RX,630,,Desde el año 15 en adelante,,Más comerciales
Volkswagen,Atlantic,16”,16”,,Gancho universal,,Desde 81 hasta 87,,Más comerciales
Volkswagen,Beetle,22”,22”,RX,590,,Desde 12 hasta 14,,Más comerciales
Volkswagen,Beetle,21”,21”,,Gancho universal,,Desde 06 hasta 11,,Más comerciales
Volkswagen,Beetle,21”,21”,,Gancho universal,,Desde 98 hasta 05,,Más comerciales
Volkswagen,Bora,24”,"18""",RX,590,,Desde 06 hasta 10,,Más comerciales
Volkswagen,Caravelle,"18""","18""",,Gancho universal,,Desde el año 97 en adelante,,Más comerciales
Volkswagen,Caribe,16”,16”,,Gancho universal,,Desde 77 hasta 89,,Más comerciales
Volkswagen,Combi,16”,16”,,Gancho universal,,Desde 71 hasta 02,,Más comerciales
Volkswagen,Corsar,18”,18”,,Gancho universal,,Desde 83 hasta 89,,Más comerciales
Volkswagen,Crafter,26”,24”,RX,510,,Desde 08 hasta 14,,Más comerciales
Volkswagen,Crossfox,21”,15”,,Gancho universal,,Desde 07 hasta 14,,Más comerciales
Volkswagen,Crossfox,"21""","15""",RX,630,,Desde el año 15 en adelante,,Más comerciales
Volkswagen,Derby,21”,19”,,Gancho universal,,Desde 92 hasta 08,,Más comerciales
Volkswagen,Eos,24”,19”,RX,510,,Año 2010,,Más comerciales
Volkswagen,Eurovan,21”,21”,,Gancho universal,,Desde 03 hasta 09,,Más comerciales
Volkswagen,Gol,22”,16”,,Gancho universal,,Desde 09 hasta 14,,Más comerciales
Volkswagen,Gol,"22""","15""",RX,630,,Desde el año 15 en adelante,,Más comerciales
Volkswagen,Voyage,"22""","15""",RX,630,,Desde el año 15 en adelante,,Más comerciales
Volkswagen,Virtus,"26""","19""",RX,630,,Desde el año 19 en adelante,,Más comerciales
Volkswagen,Thaos,"26""","19""",RX,630,,Desde el año 21 en adelante,,Más comerciales
Volkswagen,Tcross,"26""","19""",RX,630,,Desde el año 20 en adelante,,Más comerciales
Volkswagen,Golf a2,16”,16”,,Gancho universal,,Desde 87 hasta 92,,Más comerciales
Volkswagen,Golf a3,21”,19”,,Gancho universal,,Desde 93 hasta 99,,Más comerciales
Volkswagen,Golf a4,21”,19”,RX,510,,Desde 03 hasta 07,,Más comerciales
Volkswagen,Golf cabriolet,21”,19”,,Gancho universal,,Desde 93 hasta 02,,Más comerciales
Volkswagen,Gti a4,24”,19”,RX,510,,Desde 03 hasta 05,,Más comerciales
Volkswagen,Gti a5,24”,19”,RX,510,,Desde 07 hasta 09,,Más comerciales
Volkswagen,Gti a6,24”,19”,RX,510,,Desde 10 hasta 13,,Más comerciales
Volkswagen,Jetta,"24""",19”,RX,630,,Desde 14 hasta 18,,Más comerciales
Volkswagen,Jetta clásico,21”,19”,,Gancho universal,,Desde 08 hasta 15,,Más comerciales
Volkswagen,Jetta mkii,16”,16”,,Gancho universal,,Desde 80 hasta 92,,Más comerciales
Volkswagen,Jetta mkiii,21”,19”,,Gancho universal,,Desde 93 hasta 99,,Más comerciales
Volkswagen,Jetta mkiv,21”,19”,,Gancho universal,,Desde 00 hasta 07,,Más comerciales
Volkswagen,Jetta mkvi,24”,19”,,Gancho universal,,Desde 11 hasta 15,,Más comerciales
Volkswagen,Jetta new,24”,20”,RX,590,,Desde el año 16 en adelante,,Más comerciales
Volkswagen,Lupo,22”,15”,,Gancho universal,,Desde 05 hasta 09,,Más comerciales
Volkswagen,Passat,24”,19”,RX,510,,Desde 07 hasta 14,,Más comerciales
Volkswagen,Passat,21”,19”,RX,510,,Desde 05 hasta 06,,Más comerciales
Volkswagen,Passat,21”,21”,,Gancho universal,,Desde 96 hasta 04,,Más comerciales
Volkswagen,Passat cc,24”,19”,RX,510,,Desde 09 hasta 14,,Más comerciales
Volkswagen,Passat,"24""","21""",RX,630,,Desde el año 15 en adelante,,Más comerciales
Volkswagen,Pointer,21”,19”,,Gancho universal,,Desde 00 hasta 09,,Más comerciales
Volkswagen,Pointer,20”,20”,,Gancho universal,,Desde 98 hasta 99,,Más comerciales
Volkswagen,Polo,24”,16”,RX,630,,Desde 13 hasta 15,,Más comerciales
Volkswagen,Routan,26”,20”,RX,510,,Desde 09 hasta 12,,Más comerciales
Volkswagen,Saveiro,21”,16”,,Gancho universal,,Desde 10 hasta 14,,Más comerciales
Volkswagen,Sedán,11”,11”,,Gancho universal,,Desde 65 hasta 04,,Más comerciales
Volkswagen,Sharan,28”,28”,RX,635,,Desde 01 hasta 08,,Más comerciales
Volkswagen,Sport van,22”,15”,,Gancho universal,,Desde 06 hasta 10,,Más comerciales
Volkswagen,Tiguan,24”,20”,RX,590,,Desde 07 hasta 14,,Más comerciales
Volkswagen,Tiguan,"24""","21""",RX,630,,Desde el año 15 en adelante,,Más comerciales
Volkswagen,Touareg,24”,24”,RX,635,,Desde 11 hasta 14,,Más comerciales
Volkswagen,Touareg,26”,26”,RX,635,,Desde 06 hasta 10,,Más comerciales
Volkswagen,Transporter,24”,22”,,Gancho universal,,Desde 10 hasta 14,,Más comerciales
Volkswagen,Transporter t5,24”,24”,,Gancho universal,,Desde 03 hasta 12,,Más comerciales
Volkswagen,Transporter,24,24,RX,630,,Desde el año 15 en adelante,,Más comerciales
Volkswagen,Van,20”,18”,,Gancho universal,,Desde 03 hasta 09,,Más comerciales
Volvo,C30,26”,20”,RX,510,,Desde 08 hasta 13,,Otros
Volvo,C70,26”,20”,RX,510,,Desde 06 hasta 13,,Otros
Volvo,C70,21”,21”,,Gancho universal,,Desde 03 hasta 05,,Otros
Volvo,C70 cabriolet,24”,20”,RX,510,,Desde 06 hasta 13,,Otros
Volvo,C70 cabriolet,21”,21”,,Gancho universal,,Desde 00 hasta 05,,Otros
Volvo,S40,26”,20”,RX,510,,Desde 06 hasta 12,,Otros
Volvo,S40,21”,19”,,Gancho universal,,Desde 99 hasta 05,,Otros
Volvo,S60,26”,20”,RX,510,,Desde 04 hasta 14,,Otros
Volvo,S60,24”,22”,,Gancho universal,,Desde 00 hasta 03,,Otros
Volvo,S80,26”,20”,RX,510,,Desde 07 hasta 14,,Otros
Volvo,S80,24”,22”,RX,510,,Desde 04 hasta 06,,Otros
Volvo,S80,24”,22”,RX,510,,Desde 98 hasta 03,,Otros
Volvo,S90,21”,21”,,Gancho universal,,Desde 97 hasta 98,,Otros
Volvo,V40,21”,21”,,Gancho universal,,Desde 95 hasta 04,,Otros
Volvo,V50,26”,20”,,Gancho universal,,Desde 05 hasta 06,,Otros
Volvo,V60,26”,20”,RX,510,,Desde 13 hasta 14,,Otros
Volvo,V70,24”,22”,,Gancho universal,,Desde 99 hasta 03,,Otros
Volvo,Xc60,26”,20”,RX,510,,Desde 10 hasta 14,,Otros
Volvo,Xc70,24”,22”,,Gancho universal,,Desde 05 hasta 08,,Otros
Volvo,Xc70,21”,21”,,Gancho universal,,Desde 03 hasta 04,,Otros
Volvo,Xc90,24”,22”,,Gancho universal,,Desde 03 hasta 14,,Otros
Suzuki,Vitara,"18""","18""",,Gancho universal,,Desde 95 hasta 03,,Más comerciales
Suzuki,Grand vitara,19”,19”,,Gancho universal,,Desde 06 hasta 14,,Más comerciales
Suzuki,Alto,"20""","16""",,Gancho universal,,Desde 94 hasta 02,,Más comerciales
Suzuki,Alto,"18""","16""",,Gancho universal,,Desde 03 hasta 07,,Más comerciales
Suzuki,Alto,"21""","14""",,Gancho universal,,Desde 08 hasta 20,,Más comerciales
Suzuki,Ertiga,"24""","16""",,Gancho universal,,Desde 17 hasta 20,,Más comerciales